Total number of Zoom webinar registrations,Total number of Zoom webinars attended,Average Zoom webinar attendance duration,Number of Zoom webinar durations >50%,Survey response: Speak with ProfDev?,State/Region,Country/Region,Opportunity
8,6,55%,5,No,Massachusetts,United States,0
4,1,50%,1,,Virginia,United States,0
7,3,57%,1,,,,0
27,15,45%,8,No,California,United States,0
5,4,59%,3,No,Texas,United States,0
,,,,,,,0
24,3,55%,2,,Virginia,United States,0
,,,,,California,United States,1
13,7,61%,5,,,Canada,0
2,2,55%,1,,,,0
36,9,61%,9,No,Texas,United States,0
21,8,44%,3,,Virginia,United States,1
11,5,53%,3,Yes,New York,United States,0
5,5,60%,4,No,Virginia,United States,0
8,4,50%,4,No,Texas,United States,0
8,1,48%,1,,California,United States,0
13,10,61%,8,No,Colorado,United States,0
8,2,56%,1,,,,1
10,1,41%,1,,Virginia,United States,0
1,1,48%,1,,Maine,United States,0
2,0,0%,,,Massachusetts,United States,0
,,,,,,,1
4,4,54%,4,No,Texas,United States,0
3,1,50%,1,,,,0
5,5,60%,3,,,Canada,0
2,2,19%,,,,,0
2,1,50%,1,,,,1
11,2,48%,2,,New York,United States,0
3,3,42%,2,Yes,Indiana,United States,0
13,8,60%,8,Yes,Louisiana,United States,0
4,1,50%,1,,Virginia,,0
8,8,60%,2,No,Missouri,United States,0
19,2,47%,2,,Connecticut,United States,0
3,2,54%,1,,,,0
,,,,,,,0
2,1,48%,1,,,,0
6,4,55%,3,No,Oklahoma,United States,0
2,1,50%,1,,,,0
8,1,46%,1,,Illinois,United States,0
1,1,19%,,,,,0
29,6,50%,5,Yes,,Canada,1
32,25,57%,12,No,New York,United States,0
1,1,50%,1,,,,0
10,4,43%,2,,Virginia,United States,0
2,2,53%,2,Yes,Arizona,United States,0
14,5,46%,4,No,Pennsylvania,United States,0
24,12,54%,6,No,Maine,United States,0
1,1,50%,1,,,,1
1,1,50%,1,,,,0
2,2,56%,1,,,,0
18,13,53%,1,,California,United States,0
4,1,14%,,,,,0
17,7,57%,3,No,Texas,United States,0
8,2,50%,2,No,Indiana,United States,0
29,22,57%,9,No,Alabama,United States,0
18,10,50%,1,,,Canada,0
14,9,48%,6,No,Washington,United States,0
1,1,50%,1,,,,0
8,6,60%,6,No,Massachusetts,United States,0
16,13,61%,10,No,Minnesota,United States,0
6,6,60%,5,,Wisconsin,United States,0
7,4,51%,4,,North Carolina,United States,0
9,6,36%,2,Yes,Massachusetts,United States,0
14,2,54%,1,,Illinois,United States,0
10,1,47%,1,,New Jersey,United States,0
14,2,51%,1,,Tennessee,United States,0
5,2,14%,,,Texas,United States,0
14,10,55%,6,No,Tennessee,United States,0
9,0,0%,,,Arizona,United States,0
6,1,50%,1,No,Indiana,United States,0
5,2,55%,2,,Texas,United States,0
10,4,49%,3,,Minnesota,United States,0
6,3,46%,1,,Washington,United States,1
2,2,51%,1,,,,0
16,2,28%,1,,California,Afghanistan,0
4,2,48%,1,,Michigan,United States,0
9,4,56%,4,Yes,North Carolina,United States,0
9,3,57%,3,,Maryland,United States,0
20,11,54%,3,,Texas,United States,0
9,8,25%,1,,Texas,United States,0
3,1,50%,1,,,Canada,0
9,6,59%,5,No,Maryland,United States,0
17,14,58%,9,,New York,United States,0
20,14,57%,7,Yes,Connecticut,United States,0
32,26,59%,16,No,Mississippi,United States,0
9,5,58%,2,,California,United States,0
1,1,46%,1,,,,0
14,5,55%,2,,Hawaii,United States,0
6,1,50%,1,,,Georgia,0
5,5,49%,2,No,Colorado,United States,0
11,2,50%,1,,New York,United States,0
1,1,48%,1,,,,0
9,5,58%,2,,Washington,United States,1
8,4,57%,2,No,Alabama,United States,0
11,10,60%,6,,Washington,United States,0
21,4,58%,4,No,California,United States,0
1,1,50%,1,,,,1
8,2,22%,1,,Wisconsin,United States,1
30,24,61%,12,,California,United States,0
13,6,48%,1,,Michigan,,0
3,1,47%,1,,Texas,United States,0
8,2,51%,2,No,Massachusetts,United States,0
4,0,0%,,,Indiana,United States,0
9,3,19%,,,New Hampshire,United States,0
7,1,41%,1,,Massachusetts,United States,0
4,3,51%,1,,,,1
37,26,60%,17,No,Texas,United States,0
10,6,59%,4,Yes,Texas,United States,0
4,4,57%,2,Yes,North Carolina,United States,0
4,1,48%,1,,Iowa,United States,0
1,1,50%,1,,,,0
13,13,55%,10,,Texas,United States,0
5,4,58%,2,,Massachusetts,,0
2,1,47%,1,,,,0
2,2,56%,1,,Texas,United States,0
16,2,56%,2,No,Alaska,United States,0
5,4,48%,1,,,,0
8,3,27%,1,No,New York,United States,0
2,1,44%,1,,,,0
6,4,45%,3,No,Virginia,United States,0
3,3,34%,1,,,,0
11,3,51%,2,,Texas,United States,0
13,2,46%,1,,Virginia,United States,0
3,2,56%,1,,,,0
11,11,61%,11,,Virginia,United States,0
3,3,55%,3,Yes,California,United States,0
6,5,55%,5,No,Oregon,United States,0
7,3,45%,2,No,Colorado,United States,0
4,0,0%,,,Florida,United States,0
9,7,58%,2,No,,,0
1,1,48%,1,,,,0
2,1,32%,,,,,0
17,12,57%,6,No,Georgia,United States,0
3,1,50%,1,,Maine,United States,0
35,33,57%,18,Yes,,Canada,0
13,10,61%,10,No,Maryland,United States,0
14,10,57%,8,,New York,United States,1
15,15,61%,6,No,California,United States,0
5,3,57%,3,No,Indiana,United States,0
2,1,14%,,,,,0
10,3,46%,2,,Washington,United States,0
13,5,60%,3,,Illinois,United States,0
12,6,41%,1,,Minnesota,United States,0
11,7,50%,2,,Colorado,United States,0
4,2,43%,1,,,,1
12,6,59%,2,,Utah,United States,0
3,3,53%,3,No,Texas,United States,0
3,3,44%,1,,,,1
13,12,60%,6,Yes,Texas,United States,0
8,1,50%,1,,Texas,United States,0
11,2,55%,2,,Florida,United States,0
1,1,44%,1,,,,1
15,11,61%,2,No,California,United States,0
30,24,59%,18,No,Utah,United States,0
9,3,50%,3,,Oregon,United States,0
2,1,50%,1,,Kansas,United States,0
13,2,53%,1,,New York,United States,0
2,2,48%,2,No,New York,,0
12,8,57%,3,No,Minnesota,United States,0
12,3,37%,2,No,Connecticut,United States,0
1,1,50%,1,Yes,North Carolina,United States,0
36,20,62%,14,No,Oregon,United States,0
18,6,44%,5,,Maine,United States,0
35,0,0%,,,Pennsylvania,United States,0
10,2,50%,1,,Pennsylvania,United States,0
8,3,25%,1,,Minnesota,United States,0
,,,,,,,0
15,7,60%,6,Yes,Texas,United States,0
19,18,56%,10,,New Jersey,United States,0
7,3,57%,3,No,New Hampshire,United States,0
12,7,60%,2,No,Texas,United States,0
7,4,48%,3,No,Pennsylvania,United States,0
13,0,0%,,,California,United States,0
26,4,58%,2,,Illinois,United States,0
16,1,50%,1,,Massachusetts,United States,0
9,5,47%,3,Yes,North Carolina,United States,0
7,6,56%,2,No,,Canada,0
46,0,0%,,,Texas,United States,0
5,5,51%,3,,Maryland,United States,0
4,3,58%,2,No,,,0
10,10,47%,5,No,California,United States,0
6,3,51%,2,,,,0
1,0,0%,,,New Jersey,United States,0
19,6,38%,4,,Massachusetts,United States,0
8,1,45%,1,,Connecticut,United States,0
12,5,55%,2,No,Maine,United States,0
7,6,60%,6,No,Georgia,Georgia,1
6,1,50%,1,,Texas,United States,0
5,4,58%,4,No,New Jersey,United States,0
11,3,57%,3,,,Bahrain,0
10,8,36%,1,,,,0
2,2,52%,1,,,,0
2,2,54%,2,No,,,0
8,6,57%,3,No,Texas,United States,0
1,1,50%,1,,,,1
7,3,51%,2,,Massachusetts,United States,0
2,1,50%,1,,,,0
1,0,0%,,,New York,United States,0
3,2,56%,2,No,Massachusetts,United States,0
3,1,48%,1,,,,0
1,1,50%,1,,,,0
10,7,60%,3,,Illinois,United States,0
4,1,47%,1,Yes,Kansas,United States,0
22,16,58%,16,No,Arizona,United States,0
8,8,52%,5,No,Texas,United States,0
44,21,62%,11,No,Kansas,United States,0
9,5,57%,2,No,California,United States,0
18,5,50%,2,No,California,United States,0
15,3,50%,3,No,Oregon,United States,0
19,11,57%,10,No,California,United States,0
13,3,54%,1,,South Carolina,United States,0
20,10,54%,6,No,New York,United States,0
6,6,54%,4,,,Canada,0
10,5,44%,3,,California,United States,0
13,7,51%,2,No,Idaho,United States,0
6,6,58%,1,,,,0
7,7,60%,7,No,Texas,United States,0
15,9,55%,6,No,Illinois,United States,0
5,3,58%,3,No,Wisconsin,United States,1
2,1,49%,1,,,,0
13,11,52%,4,No,Texas,United States,0
1,1,50%,1,,,,1
5,3,39%,2,,New Mexico,United States,0
3,1,50%,1,,,,0
3,1,47%,1,,New York,United States,0
4,3,47%,1,,,,0
2,2,53%,1,,,,1
3,2,55%,2,No,,,0
14,4,41%,2,,Virginia,United States,0
14,4,47%,3,,Connecticut,United States,1
4,4,59%,2,,Wisconsin,,0
13,4,58%,1,,Montana,United States,0
1,1,47%,1,,,,0
12,7,52%,2,,Connecticut,United States,0
20,1,35%,1,,Vermont,United States,0
2,1,50%,1,,Indiana,United States,0
5,3,52%,3,,Virginia,United States,0
1,1,47%,1,,Texas,United States,0
10,8,58%,7,No,Indiana,United States,0
6,5,50%,4,No,Virginia,United States,0
19,12,55%,4,No,Illinois,United States,0
20,11,60%,6,No,District of Columbia,United States,0
1,1,40%,1,,,,0
10,5,50%,2,,Maryland,United States,0
20,18,62%,10,,South Dakota,United States,0
2,2,54%,2,No,Michigan,,1
7,3,58%,1,,California,United States,0
4,4,59%,3,No,Delaware,United States,0
2,1,34%,1,,Oklahoma,United States,0
,,,,,,,0
1,1,50%,1,,,,0
1,1,39%,1,,,,1
8,2,56%,1,,Michigan,United States,0
18,8,59%,4,No,Massachusetts,United States,0
1,1,50%,1,,,,0
13,8,61%,8,No,Florida,United States,0
23,16,61%,10,No,Arkansas,United States,0
7,6,47%,2,,California,United States,0
4,0,0%,,,Michigan,United States,0
5,3,54%,2,No,California,United States,0
4,4,57%,2,,,,0
6,4,30%,1,,Pennsylvania,United States,0
4,3,57%,2,,Kansas,United States,0
6,6,55%,2,No,Arkansas,,0
2,1,12%,,,,,0
5,3,53%,2,No,Michigan,United States,0
8,4,34%,1,,Illinois,United States,0
3,3,51%,3,,California,United States,0
9,5,38%,3,No,Colorado,United States,0
7,3,39%,2,,Texas,United States,0
6,2,55%,2,,Illinois,United States,1
11,7,52%,2,,,Canada,0
1,0,0%,1,Yes,Virginia,United States,0
4,4,35%,2,,Indiana,United States,0
12,11,58%,5,No,Virginia,United States,0
4,4,57%,2,,Illinois,United States,1
10,5,46%,1,,Texas,United States,0
10,6,52%,2,,California,United States,0
3,1,50%,1,,Massachusetts,United States,0
8,7,50%,3,,Michigan,United States,0
2,2,55%,1,,,,0
1,1,48%,1,,,,0
33,8,58%,3,No,Colorado,United States,0
16,13,58%,7,Yes,Virginia,United States,0
2,2,56%,1,,,,0
48,34,61%,21,,,Mexico,0
12,10,60%,4,,Texas,United States,1
12,7,47%,2,No,,,0
10,3,50%,3,,Virginia,United States,0
4,4,58%,1,,,,0
9,3,51%,3,,Connecticut,United States,0
9,4,48%,1,,Missouri,United States,0
,,,,,,,0
4,1,49%,1,No,Massachusetts,United States,0
10,4,59%,3,No,Texas,United States,0
13,8,60%,6,No,Texas,United States,0
6,6,57%,5,No,North Carolina,United States,0
9,2,15%,,,Pennsylvania,United States,0
19,15,59%,8,,Maryland,United States,0
22,18,53%,14,No,California,United States,0
4,4,49%,3,No,Wisconsin,United States,0
4,1,48%,1,,Washington,United States,0
1,1,50%,1,No,Virginia,,1
1,1,48%,1,Yes,California,United States,0
14,9,61%,3,No,Michigan,United States,0
15,6,56%,1,,Florida,United States,0
3,2,56%,2,,,,0
14,9,60%,4,No,Arizona,United States,0
8,3,37%,2,,New York,United States,0
7,2,23%,,,,Bermuda,0
6,5,59%,5,,Michigan,United States,0
46,19,58%,12,No,South Carolina,United States,0
19,13,51%,11,Yes,Texas,United States,0
15,2,56%,2,No,Florida,United States,0
7,2,54%,2,,Pennsylvania,United States,0
1,1,50%,1,,,,0
21,13,61%,9,,Arizona,United States,0
8,7,61%,7,No,Illinois,United States,0
4,1,44%,1,,,,0
9,4,46%,3,No,New York,United States,0
15,7,58%,3,,Michigan,United States,0
11,8,56%,5,No,Indiana,United States,0
10,7,49%,5,No,Massachusetts,United States,0
6,2,52%,2,,Texas,United States,0
13,1,46%,1,No,California,United States,1
25,17,53%,8,No,Utah,United States,0
6,2,38%,1,,Alabama,United States,0
1,1,50%,1,,,,0
2,1,46%,1,,,,0
4,2,42%,1,,,,0
15,6,55%,4,No,California,United States,0
6,3,30%,,,Maine,United States,0
4,1,50%,1,,,,0
12,3,57%,1,,,Canada,0
7,7,61%,6,No,Minnesota,United States,0
2,2,39%,1,,,,0
15,14,51%,10,No,Virginia,United States,0
10,1,47%,1,,Minnesota,,0
,,,,,,,0
10,7,46%,4,No,Texas,United States,0
7,6,54%,2,,,,0
5,2,37%,1,,,,0
13,5,60%,3,No,New Jersey,United States,0
18,17,49%,2,Yes,Illinois,United States,0
10,0,0%,,,Texas,United States,0
22,1,50%,1,,Virginia,United States,0
15,7,35%,3,No,Illinois,United States,0
1,1,47%,1,,,,0
16,13,49%,8,No,Florida,United States,0
5,2,21%,1,Yes,Massachusetts,United States,0
13,4,57%,2,No,Kansas,United States,0
9,2,56%,2,,Texas,United States,0
8,6,55%,5,No,Illinois,United States,0
12,1,50%,1,,New Jersey,United States,0
5,4,49%,3,No,New Mexico,United States,0
36,24,61%,9,,Illinois,United States,0
8,3,42%,1,,Ohio,,0
8,4,44%,3,No,Maine,United States,0
8,4,28%,2,,Washington,United States,0
5,4,56%,3,Yes,Minnesota,United States,0
5,2,54%,1,,,,0
17,14,55%,12,No,Maryland,United States,0
11,3,58%,1,,New Jersey,United States,0
1,1,47%,1,,,,0
7,4,57%,4,No,Kansas,United States,0
33,6,59%,3,,Pennsylvania,United States,0
25,4,46%,4,No,Florida,United States,0
1,1,50%,1,,,,0
13,6,60%,6,No,Virginia,United States,0
18,7,56%,4,,Virginia,United States,0
16,7,59%,6,No,Texas,United States,0
11,6,39%,3,No,Oregon,United States,0
9,6,43%,4,No,Texas,United States,0
,,,,,,,0
9,4,32%,2,,California,United States,0
1,1,48%,1,,,,0
12,8,53%,5,No,District of Columbia,United States,0
2,1,49%,1,,Colorado,United States,1
9,3,38%,1,,Virginia,United States,1
14,7,60%,3,No,Minnesota,United States,0
2,1,48%,1,Yes,Virginia,United States,0
1,1,50%,1,,,,0
2,2,39%,1,,,,0
6,4,49%,1,,,United States,0
2,1,49%,1,,California,United States,0
2,1,43%,1,,Texas,United States,0
3,2,56%,1,,,,0
12,9,54%,7,No,Virginia,United States,0
10,8,45%,3,,Illinois,United States,0
5,2,55%,2,No,Illinois,,0
4,3,40%,2,No,Kansas,United States,0
6,4,53%,2,,,Bermuda,0
16,4,57%,4,No,Florida,United States,0
0,0,0%,,,,,0
1,1,50%,1,,,,0
18,11,61%,8,No,Oregon,United States,0
7,5,58%,3,,Minnesota,United States,0
4,2,46%,2,No,Rhode Island,United States,0
5,5,57%,5,No,Virginia,United States,0
1,0,0%,,,Massachusetts,United States,0
6,5,53%,4,Yes,Texas,United States,0
4,2,49%,1,,,,0
9,4,46%,3,No,Indiana,United States,0
13,8,60%,5,,Maryland,United States,1
9,8,55%,4,No,Georgia,United States,0
,,,,,,,0
3,3,56%,1,,,,0
7,4,57%,1,,Idaho,United States,0
1,0,0%,,,,,0
4,2,56%,1,,,,0
9,3,52%,3,,Texas,United States,0
1,1,41%,1,,,,0
4,4,51%,1,,,,0
5,4,57%,4,,California,United States,0
20,8,59%,8,No,Virginia,United States,0
8,6,60%,4,,Wisconsin,United States,0
7,4,49%,1,,Texas,,0
9,3,41%,2,No,Connecticut,United States,0
12,10,60%,7,No,Wisconsin,United States,1
1,1,50%,1,,,,1
7,3,55%,1,,Hawaii,United States,0
4,3,57%,3,No,Texas,United States,0
5,4,59%,1,,Virginia,United States,0
9,5,57%,5,No,Illinois,United States,0
5,2,56%,2,No,California,United States,0
10,6,51%,1,,,,0
16,7,37%,3,,Washington,United States,0
19,13,52%,7,No,Arizona,United States,0
5,5,58%,2,,Massachusetts,United States,0
8,2,50%,2,,,,0
5,3,58%,3,Yes,North Carolina,United States,0
4,3,58%,3,,Massachusetts,United States,0
7,1,48%,1,No,Nebraska,United States,0
32,19,61%,12,No,Maryland,United States,0
13,11,60%,6,No,Florida,United States,0
6,5,60%,3,,New Jersey,United States,0
13,3,37%,1,,Virginia,United States,0
4,0,0%,,,Minnesota,United States,0
2,2,55%,1,,,,0
6,5,56%,4,No,Texas,United States,0
18,13,52%,8,No,Texas,United States,0
1,1,49%,1,,,,0
8,2,46%,2,,Illinois,United States,0
14,8,57%,8,Yes,Texas,United States,0
4,3,58%,3,,New Jersey,United States,0
10,4,43%,3,,Indiana,United States,0
7,2,43%,1,,New York,,0
16,10,46%,6,No,California,United States,0
9,4,57%,4,No,Texas,United States,0
11,10,50%,9,No,New York,United States,0
4,0,0%,,,Illinois,United States,1
1,1,50%,1,Yes,Pennsylvania,,1
17,8,54%,3,No,Florida,United States,0
16,3,50%,1,,Pennsylvania,United States,0
4,0,0%,,,Wisconsin,United States,0
4,3,54%,3,Yes,New Jersey,United States,0
5,4,58%,3,No,Massachusetts,United States,0
15,9,39%,1,,New York,United States,0
3,3,57%,3,,Virginia,United States,0
8,5,59%,3,No,Massachusetts,United States,0
8,4,42%,1,,Colorado,United States,0
2,1,50%,1,Yes,Washington,,1
15,11,60%,7,No,Florida,United States,1
10,0,0%,,,California,United States,0
10,6,57%,2,No,Texas,United States,0
12,7,53%,7,No,Oregon,United States,0
9,4,50%,2,,New Jersey,United States,0
16,14,61%,8,Yes,Texas,United States,0
6,1,44%,1,,Maryland,United States,0
4,2,55%,1,,,,0
8,6,43%,5,Yes,Texas,United States,0
7,3,53%,1,,California,United States,0
14,13,60%,13,No,Kansas,United States,0
1,0,0%,,,,Paraguay,0
8,2,53%,2,,Virginia,United States,0
2,1,34%,1,,,,0
13,6,58%,2,No,Texas,United States,0
9,6,60%,6,No,Arizona,United States,0
2,2,55%,2,No,Washington,United States,0
0,0,0%,,,Nevada,United States,0
19,11,59%,10,No,Texas,United States,0
11,8,57%,6,No,Connecticut,United States,0
9,3,57%,1,,,,1
4,2,52%,2,,New York,United States,0
47,30,61%,19,Yes,California,United States,0
2,2,43%,1,,Florida,United States,0
14,9,39%,1,,Massachusetts,United States,0
7,5,47%,2,,Indiana,United States,0
3,1,50%,1,,,,0
10,5,56%,2,,California,United States,0
12,7,60%,3,No,,,0
2,1,50%,1,,North Carolina,United States,0
5,2,49%,2,No,Kansas,United States,0
12,5,59%,1,,Indiana,United States,0
8,4,52%,4,,Kentucky,United States,0
16,13,45%,7,No,,Canada,0
4,3,57%,3,No,California,,0
3,3,56%,1,,,,0
9,5,48%,4,No,California,United States,0
20,8,46%,7,No,North Carolina,United States,0
5,2,48%,2,,Indiana,United States,0
33,27,62%,16,No,Wisconsin,United States,0
13,12,59%,2,,California,United States,0
6,3,55%,2,,,,0
3,2,54%,2,No,Texas,United States,0
22,20,55%,15,No,Texas,United States,0
34,10,46%,4,,Texas,United States,0
13,4,59%,1,,Texas,United States,0
3,2,53%,2,,Wisconsin,United States,0
4,3,57%,2,,,Canada,0
4,4,43%,1,,,,0
8,5,59%,4,No,Colorado,United States,0
6,4,59%,1,,Virginia,United States,0
9,7,59%,1,,Missouri,United States,0
17,8,43%,4,,Alabama,United States,0
22,12,57%,7,No,Oregon,United States,1
9,7,55%,2,,California,United States,0
2,1,50%,1,,,,0
8,1,50%,1,No,Texas,United States,0
2,1,8%,1,,New Jersey,United States,0
27,16,54%,4,Yes,Oregon,United States,0
6,5,39%,4,No,Washington,United States,0
11,3,44%,2,,Nebraska,United States,0
29,5,59%,3,No,Ohio,United States,0
6,2,52%,2,,Virginia,United States,0
23,19,59%,10,No,Oregon,United States,0
20,12,55%,5,No,New Hampshire,United States,0
7,4,45%,3,No,Oklahoma,United States,0
1,1,50%,1,,,,0
2,2,34%,1,,,,0
12,7,50%,1,,Illinois,United States,0
7,4,37%,1,,,Canada,0
3,0,0%,,,Illinois,United States,0
1,1,48%,1,,,,0
40,38,62%,23,No,Texas,United States,0
10,7,35%,4,No,Washington,,0
11,5,49%,2,No,Virginia,United States,0
7,2,27%,1,No,Texas,United States,0
5,0,0%,,,South Dakota,United States,0
6,3,38%,2,,Florida,United States,0
7,2,41%,1,,,,0
2,1,50%,1,,Minnesota,United States,0
9,5,55%,3,No,,Canada,0
24,19,57%,10,,California,United States,0
4,4,56%,2,,Texas,United States,0
2,1,50%,1,,California,United States,0
2,1,50%,1,,,,0
12,9,49%,5,No,California,United States,0
,,,,,,,0
8,7,61%,1,,Texas,United States,0
31,25,60%,12,,Puerto Rico,United Arab Emirates,1
7,6,52%,4,No,North Carolina,United States,0
16,7,52%,7,No,West Virginia,United States,0
33,26,55%,12,No,Illinois,United States,0
23,3,30%,2,No,North Carolina,United States,0
4,3,57%,2,Yes,New York,United States,0
10,8,35%,4,No,California,United States,1
5,4,51%,4,No,Virginia,United States,0
35,25,62%,18,No,North Carolina,United States,0
7,4,47%,4,,Florida,United States,0
30,21,58%,13,No,California,United States,1
5,4,55%,2,,California,United States,0
11,1,39%,1,,Illinois,United States,0
17,9,47%,1,,Virginia,Armenia,0
2,1,50%,1,Yes,California,United States,0
13,6,53%,6,No,North Carolina,United States,0
20,3,42%,1,,Maryland,India,0
3,1,48%,1,,Wyoming,United States,0
10,5,47%,2,,Arizona,United States,0
11,3,50%,1,,Michigan,United States,0
3,2,55%,1,,,,0
4,1,50%,1,,California,,0
10,3,58%,3,,New Hampshire,United States,0
5,5,58%,5,Yes,Texas,United States,0
24,6,56%,6,No,California,United States,0
4,1,50%,1,Yes,Montana,United States,0
1,1,50%,1,,,,0
3,3,55%,3,No,Texas,United States,0
11,6,58%,4,No,Texas,United States,0
8,6,60%,6,No,Virginia,United States,0
22,18,61%,13,No,,Canada,0
2,1,48%,1,,,,0
1,1,46%,1,,,,0
8,7,58%,2,,,Canada,0
47,17,61%,8,No,Wisconsin,United States,0
7,2,43%,2,No,Florida,United States,0
7,5,55%,1,,,,0
19,14,60%,9,No,Washington,United States,0
10,2,56%,2,No,New Jersey,United States,0
9,8,58%,3,No,Illinois,United States,0
1,1,24%,,,,,1
1,1,45%,1,,,,1
10,2,23%,1,,New Hampshire,United States,0
7,7,54%,5,No,Connecticut,United States,0
2,2,50%,1,,,,0
2,1,37%,1,,,,0
6,4,57%,1,,,,0
2,2,53%,1,,,,0
10,3,57%,1,,,,0
24,8,45%,4,,Massachusetts,United States,0
1,1,50%,1,,,,0
5,3,54%,3,,California,United States,0
6,4,55%,1,,Oregon,United States,0
16,0,0%,,,Washington,United States,0
8,6,54%,5,No,Illinois,United States,0
11,7,55%,6,No,Texas,United States,0
14,7,54%,3,,Texas,United States,0
14,6,58%,3,No,Virginia,United States,0
5,5,57%,4,No,New York,United States,0
12,8,47%,5,No,Wisconsin,United States,0
7,0,0%,,,New York,United States,0
9,6,54%,2,,Massachusetts,United States,0
5,0,0%,,,Arizona,United States,0
5,3,52%,3,No,New York,United States,0
7,5,57%,4,No,Illinois,United States,0
1,0,0%,,,Virginia,United States,0
8,4,52%,3,No,Minnesota,United States,0
8,3,49%,3,No,Washington,United States,0
8,5,59%,4,,Michigan,United States,0
1,1,48%,1,,,,0
8,2,37%,1,,Texas,United States,0
6,4,42%,2,No,Texas,United States,0
9,4,32%,2,,New York,United States,0
13,8,45%,6,,Virginia,United States,0
11,2,39%,2,,Louisiana,United States,0
1,1,50%,1,,,,0
9,1,50%,1,,Virginia,United States,0
10,8,51%,3,No,Michigan,United States,0
7,4,59%,3,No,Texas,United States,0
21,12,59%,4,Yes,Virginia,United States,0
2,1,19%,,,California,United States,0
2,2,56%,2,,New Hampshire,United States,0
5,2,55%,2,,New Jersey,United States,0
4,1,50%,1,,,,0
8,5,57%,2,No,Pennsylvania,United States,0
4,3,57%,3,No,Pennsylvania,United States,0
26,14,58%,8,Yes,New York,United States,1
12,2,54%,2,,Washington,United States,0
9,2,54%,2,No,Massachusetts,United States,0
9,4,47%,3,No,New York,United States,0
0,0,0%,,,California,United States,0
4,2,53%,1,,Pennsylvania,United States,0
8,5,57%,4,No,Pennsylvania,United States,0
1,1,45%,1,,,,0
11,5,42%,2,,Massachusetts,United States,0
3,3,57%,3,,California,United States,0
39,29,60%,18,No,Minnesota,United States,0
7,7,51%,3,,Maryland,United States,0
8,5,56%,1,,,Canada,0
6,4,53%,4,No,California,United States,0
1,0,0%,,,,,0
9,4,56%,1,,Massachusetts,United States,0
6,2,50%,2,,Alabama,United States,0
24,13,56%,6,No,Alabama,United States,0
29,20,62%,14,No,California,United States,0
6,2,48%,1,,Michigan,United States,0
12,4,25%,1,No,Maryland,United States,0
5,5,57%,2,No,Texas,United States,1
3,3,53%,2,,,,0
18,9,50%,7,No,Wisconsin,United States,0
9,7,56%,3,,Indiana,United States,0
5,2,52%,2,,Illinois,United States,0
32,0,0%,,,North Dakota,United States,0
6,2,40%,1,,,,0
6,3,57%,3,,Illinois,United States,0
34,2,54%,2,Yes,Texas,United States,0
16,1,0%,,,Massachusetts,United States,0
1,1,50%,1,,,,0
3,2,55%,2,No,California,United States,0
26,18,56%,17,No,California,United States,0
16,9,61%,4,No,Texas,United States,0
9,4,47%,4,Yes,Virginia,United States,0
1,1,44%,1,,,,0
2,2,56%,1,,,,0
1,1,10%,,No,,,0
15,4,46%,3,No,California,United States,0
16,6,55%,1,,Tennessee,United States,0
1,0,0%,,,Minnesota,United States,0
45,15,57%,9,,California,United States,0
9,1,34%,1,,Ohio,United States,0
4,2,53%,2,No,Oregon,United States,0
15,7,59%,4,No,Texas,United States,0
13,5,46%,4,,Minnesota,United States,0
8,5,59%,1,,Pennsylvania,United States,0
5,2,46%,2,,Illinois,United States,0
24,20,60%,7,No,Texas,United States,0
1,1,50%,1,,,,0
3,3,46%,2,,District of Columbia,United States,1
33,18,62%,6,Yes,Illinois,United States,0
1,0,0%,,,,,0
10,5,54%,4,No,Oklahoma,United States,0
10,1,37%,1,,California,United States,0
11,10,54%,9,,Virginia,United States,0
7,5,52%,5,No,South Carolina,United States,0
9,4,49%,4,No,Texas,United States,0
13,5,60%,3,Yes,Illinois,United States,0
11,7,60%,6,No,Oregon,United States,0
5,3,57%,3,,Minnesota,United States,0
15,5,27%,3,,New Jersey,United States,0
10,4,58%,1,,Massachusetts,United States,0
2,1,45%,1,Yes,California,United States,0
15,11,58%,5,No,,,0
40,36,58%,18,No,Texas,United States,0
3,1,50%,1,,,,0
9,1,45%,1,No,Colorado,United States,0
21,12,55%,6,No,Texas,United States,0
16,5,55%,3,,Michigan,United States,0
24,17,55%,7,No,Texas,United States,0
8,7,59%,5,No,Indiana,United States,0
15,8,56%,8,No,New York,United States,0
5,1,1%,,,Illinois,United States,1
11,6,58%,5,No,Missouri,United States,0
17,9,53%,8,,Virginia,United States,0
26,4,47%,1,,Texas,United States,0
17,4,53%,4,No,Virginia,United States,0
8,1,47%,1,,Maryland,United States,0
4,3,58%,1,,New York,United States,0
13,6,58%,3,,Texas,United States,0
17,13,57%,4,No,Texas,United States,0
6,1,45%,1,,,,1
3,2,51%,2,,Texas,United States,0
10,2,54%,1,,New Hampshire,United States,1
7,2,56%,1,,,,0
4,2,32%,1,Yes,Massachusetts,United States,0
7,6,52%,2,,,,0
15,11,42%,2,,,United States,0
6,5,43%,2,,Maryland,United States,0
3,1,47%,1,,Pennsylvania,,0
6,1,50%,1,,Illinois,United States,0
10,6,56%,5,Yes,California,United States,0
15,9,58%,5,Yes,Wisconsin,United States,0
13,2,54%,1,,Virginia,United States,0
16,13,53%,10,No,Wisconsin,United States,0
5,5,59%,3,No,Alabama,United States,0
7,3,57%,2,No,Illinois,United States,0
1,1,48%,1,,,,0
12,7,58%,3,No,Pennsylvania,United States,0
7,0,0%,,,,,0
12,7,59%,5,No,,Canada,0
8,4,54%,3,No,Colorado,United States,0
2,1,50%,1,Yes,New Mexico,United States,1
7,1,49%,1,,Oklahoma,United States,0
1,1,50%,1,,,,0
9,2,24%,1,No,Wisconsin,United States,0
5,4,58%,3,No,South Carolina,United States,0
4,2,55%,1,,,,0
7,3,39%,1,,,,0
8,2,50%,2,No,Texas,United States,0
4,2,52%,2,,Georgia,United States,1
1,1,46%,1,,,,0
4,2,56%,2,Yes,Texas,United States,0
6,4,57%,4,No,California,United States,0
15,7,53%,4,No,Texas,United States,0
12,7,57%,6,No,Texas,United States,0
4,3,58%,3,,Texas,United States,0
4,3,41%,1,,Texas,United States,0
21,17,56%,8,No,Virginia,United States,0
12,7,49%,4,No,Illinois,United States,0
7,6,52%,5,Yes,Texas,United States,0
13,10,53%,7,No,Virginia,United States,0
3,3,53%,3,No,Massachusetts,United States,0
3,2,52%,1,,,,1
1,0,0%,,,Indiana,United States,0
4,2,55%,1,,,,0
8,4,55%,2,,California,United States,0
17,9,49%,6,No,Missouri,United States,0
4,4,59%,4,No,Hawaii,United States,0
2,1,50%,1,,Florida,United States,0
10,3,56%,2,No,Indiana,United States,0
26,23,54%,10,No,Texas,United States,0
8,3,48%,3,,Illinois,United States,0
7,1,47%,1,,Illinois,United States,0
12,7,49%,1,,,,0
30,19,52%,10,No,Wisconsin,United States,0
7,5,51%,4,No,Texas,United States,0
17,3,51%,2,No,Massachusetts,United States,0
8,3,56%,2,,Tennessee,United States,0
51,30,61%,14,,Indiana,United States,0
4,1,50%,1,,,,0
14,5,59%,4,No,New Jersey,United States,0
5,2,55%,2,,Texas,United States,0
9,2,32%,1,,Virginia,United States,0
6,2,38%,1,No,New York,United States,0
4,3,44%,3,,Illinois,United States,0
17,4,43%,1,,,,0
16,9,49%,2,No,,Canada,0
3,2,48%,2,,,,0
9,3,21%,1,No,New Mexico,United States,0
8,2,54%,2,No,Oregon,United States,0
16,8,57%,1,,,,0
27,13,61%,1,,,,0
6,6,56%,4,No,Michigan,United States,0
10,1,49%,1,,California,United States,0
10,8,54%,7,No,Texas,United States,0
6,6,59%,4,No,Massachusetts,United States,0
6,1,39%,1,,New Hampshire,United States,0
9,0,0%,,,Maine,United States,0
4,3,36%,1,,,,0
14,6,59%,2,,Texas,United States,0
8,5,54%,1,,Texas,United States,0
11,5,41%,3,,Oregon,United States,0
32,28,53%,17,No,Texas,United States,0
1,1,47%,1,,,,0
17,14,61%,10,No,Texas,United States,0
14,10,53%,3,No,Texas,United States,0
1,1,50%,1,,,,0
4,1,50%,1,,Texas,United States,0
15,11,59%,5,No,New York,United States,0
2,2,52%,1,,Illinois,United States,0
21,16,59%,15,No,Texas,United States,0
32,20,57%,18,No,California,United States,0
6,4,54%,2,Yes,California,United States,0
5,5,59%,3,,New Jersey,United States,0
1,1,50%,1,No,,,0
7,4,40%,1,,,,0
6,6,60%,3,No,Florida,,0
7,4,58%,4,No,Massachusetts,United States,0
38,25,62%,18,No,California,United States,0
3,3,58%,1,,,,0
1,1,48%,1,No,Wisconsin,,0
7,4,57%,2,,California,United States,0
3,1,50%,1,,North Carolina,United States,0
6,3,57%,3,,California,United States,0
6,4,58%,3,No,Florida,United States,0
17,7,33%,2,No,Connecticut,United States,0
3,1,50%,1,No,Florida,United States,0
2,1,42%,1,,Connecticut,United States,1
15,2,44%,2,Yes,,Guyana,1
24,16,62%,11,Yes,Pennsylvania,United States,0
6,4,41%,1,,Texas,,0
4,3,58%,2,No,,,0
0,0,0%,,,North Carolina,,0
6,1,47%,1,,California,United States,0
39,24,56%,18,No,New Jersey,United States,0
9,4,57%,3,No,New Mexico,United States,0
16,10,57%,10,No,California,United States,0
2,2,51%,1,,,,0
5,0,0%,,,Georgia,United States,0
12,3,44%,2,No,California,United States,0
15,1,22%,,Yes,California,United States,0
5,4,53%,3,,New Jersey,United States,0
2,2,34%,1,,,,1
14,6,60%,2,,Kansas,United States,0
16,11,52%,4,,Colorado,United States,0
4,3,54%,1,,Pennsylvania,United States,0
7,2,56%,2,No,Wisconsin,United States,0
5,4,47%,3,,Wisconsin,United States,0
8,6,57%,4,No,Connecticut,United States,1
4,2,55%,1,,,,0
2,1,48%,1,,,,0
6,5,59%,3,No,Washington,United States,0
12,3,55%,1,,Kansas,United States,0
1,0,0%,,,Wisconsin,United States,0
6,4,58%,2,,Tennessee,United States,0
2,2,45%,1,,Alabama,United States,0
11,6,58%,6,No,Texas,United States,0
5,5,34%,2,,North Carolina,United States,0
3,1,50%,1,,Indiana,United States,0
5,3,54%,1,,,,0
45,3,50%,2,No,Texas,United States,0
8,1,50%,1,No,Indiana,United States,0
2,1,49%,1,,,,0
23,2,56%,2,,Texas,United States,0
4,3,51%,2,,California,United States,0
28,22,59%,12,No,Texas,United States,0
26,25,61%,25,No,Massachusetts,United States,1
17,15,44%,8,No,California,United States,0
15,6,52%,3,Yes,Oregon,United States,0
11,3,57%,3,,,,1
6,4,57%,2,Yes,Washington,United States,0
42,31,47%,15,,New York,United States,0
8,4,44%,3,No,Texas,United States,1
5,3,46%,1,,,,0
1,1,42%,1,,,,0
12,6,57%,4,No,Texas,United States,0
7,2,56%,1,,,,0
1,0,0%,,,Virginia,United States,0
22,14,57%,13,No,Arizona,United States,0
5,5,34%,1,,,,0
21,15,59%,7,No,Texas,United States,0
6,4,53%,1,,,,0
26,13,47%,3,No,California,United States,0
8,6,58%,2,,Texas,United States,0
1,1,48%,1,,,,0
14,8,59%,7,No,Minnesota,United States,0
13,7,56%,5,No,Virginia,United States,0
4,1,49%,1,Yes,New Hampshire,United States,0
10,7,60%,4,,Texas,United States,0
1,1,50%,1,,,,0
11,1,46%,1,,Iowa,United States,0
3,3,58%,1,,,,0
2,1,34%,1,,,,0
5,1,50%,1,,,,0
5,0,0%,,,Puerto Rico,,0
15,4,42%,1,,Louisiana,United States,0
2,2,56%,2,No,Indiana,United States,0
6,5,44%,2,,Iowa,United States,0
2,1,50%,1,No,Illinois,United States,0
0,0,0%,,,,,0
7,1,48%,1,No,Kansas,United States,0
6,2,18%,1,Yes,Maryland,United States,0
9,6,30%,1,Yes,Michigan,United States,1
26,25,58%,9,No,California,United States,0
10,4,38%,1,,Massachusetts,United States,0
19,5,59%,4,No,Wisconsin,United States,0
22,7,36%,1,,,Australia,0
14,12,60%,7,No,Illinois,United States,0
15,13,62%,4,No,California,United States,0
1,1,49%,1,,,,0
19,14,48%,7,No,Rhode Island,United States,0
16,1,28%,,,Pennsylvania,United States,0
5,1,50%,1,,,,0
12,9,57%,5,No,Oregon,United States,0
6,3,21%,1,,North Carolina,United States,0
29,26,60%,11,No,California,United States,0
11,8,59%,6,No,Texas,United States,0
17,7,42%,2,,Minnesota,United States,0
11,5,58%,5,No,Oregon,United States,0
9,8,42%,6,No,Virginia,United States,0
9,4,59%,3,No,Texas,United States,0
23,9,54%,4,No,Virginia,United States,0
8,2,53%,2,,,,0
16,16,43%,2,Yes,Illinois,United States,0
19,5,54%,3,,Oregon,United States,1
2,2,49%,1,,,,0
1,1,49%,1,,Texas,United States,0
4,3,55%,3,No,Florida,,0
17,8,37%,3,,California,United States,0
13,8,50%,6,No,New Mexico,United States,0
3,2,55%,2,No,,,1
6,1,49%,1,,Arkansas,United States,0
9,8,46%,3,No,New York,United States,0
21,16,49%,7,Yes,,Canada,0
2,2,22%,1,,,,0
13,3,58%,3,No,Tennessee,United States,0
3,3,58%,3,No,New Jersey,United States,0
1,1,44%,1,,,,0
6,6,60%,3,Yes,Texas,United States,0
9,8,61%,6,No,California,United States,0
8,6,60%,6,No,Kansas,United States,0
8,2,40%,2,,California,United States,0
16,7,58%,4,No,Massachusetts,United States,0
8,5,49%,1,,,,0
5,1,22%,,,,,0
23,20,54%,10,No,California,United States,0
2,1,50%,1,,,,1
25,1,50%,1,,Virginia,United States,0
3,2,55%,2,No,New York,,0
29,5,59%,5,No,Indiana,United States,0
3,1,50%,1,,California,United States,0
9,6,58%,2,No,Massachusetts,United States,0
22,17,54%,8,No,Texas,United States,0
3,2,51%,2,No,New Jersey,United States,0
3,1,49%,1,,,,0
4,3,55%,3,,Arizona,,1
20,6,44%,3,No,Iowa,United States,0
12,5,59%,3,No,Pennsylvania,United States,0
3,1,49%,1,,,,0
5,5,59%,1,,,,0
1,0,0%,,,,,0
14,1,49%,1,,Connecticut,United States,0
17,3,41%,2,No,New York,United States,0
22,7,59%,6,No,Colorado,United States,0
18,11,57%,1,,Alabama,United States,0
11,7,52%,2,No,Texas,United States,0
6,4,59%,1,,,,0
19,14,51%,10,No,Minnesota,United States,0
9,8,53%,4,,Texas,United States,0
18,14,60%,9,No,Massachusetts,United States,0
7,6,58%,3,,Connecticut,United States,0
21,11,56%,7,No,California,United States,0
7,4,54%,3,No,Connecticut,United States,0
17,11,55%,10,No,Texas,United States,0
13,8,61%,4,No,,Canada,0
10,4,41%,1,,,,0
1,1,17%,,,Arkansas,United States,0
7,3,21%,1,No,New York,United States,1
7,1,47%,1,No,Virginia,United States,0
2,2,54%,2,Yes,Oregon,United States,0
9,2,56%,2,No,New Hampshire,United States,0
12,2,53%,1,,Minnesota,United States,0
1,1,49%,1,,Illinois,United States,0
7,5,53%,4,No,Florida,United States,0
10,7,59%,5,No,California,,0
10,6,53%,3,No,Maryland,United States,0
2,0,0%,,,California,United States,0
5,3,52%,3,Yes,South Carolina,United States,0
5,3,42%,1,,,,1
12,9,45%,5,No,Maryland,United States,0
9,4,59%,1,,Pennsylvania,United States,0
11,6,43%,4,Yes,Texas,United States,1
12,10,59%,5,,Wisconsin,United States,0
3,2,54%,2,Yes,Wisconsin,United States,1
19,11,56%,7,,Texas,United States,0
6,5,55%,4,No,California,United States,0
6,3,58%,1,,New York,,0
10,6,54%,6,No,Maryland,United States,1
1,1,40%,1,,,,0
9,4,29%,2,,California,United States,0
2,1,50%,1,,Massachusetts,United States,0
28,9,59%,5,No,Oregon,United States,1
16,8,55%,5,Yes,Florida,United States,0
18,9,60%,4,,Florida,United States,0
10,10,60%,5,No,Texas,United States,0
44,29,60%,13,Yes,Virginia,United States,0
10,2,44%,2,,Massachusetts,United States,0
4,2,53%,2,Yes,Illinois,United States,1
6,4,59%,4,No,South Dakota,United States,0
15,12,59%,10,No,Florida,United States,0
40,33,57%,14,Yes,New Jersey,United States,0
5,4,51%,4,No,Wisconsin,United States,0
6,3,56%,3,No,Pennsylvania,United States,0
2,2,56%,2,No,Pennsylvania,United States,0
3,3,39%,2,Yes,Indiana,United States,0
3,1,50%,1,No,Michigan,,0
5,4,59%,3,Yes,Texas,United States,1
12,6,57%,3,,New York,United States,0
7,6,58%,3,No,,,0
8,5,51%,4,No,Ohio,United States,0
19,17,53%,7,No,Texas,United States,0
20,4,58%,4,No,Delaware,United States,0
5,2,56%,1,,Illinois,United States,1
5,2,49%,2,,New Jersey,United States,0
5,4,59%,3,,Kansas,United States,0
16,10,42%,5,,North Carolina,United States,0
24,2,51%,1,,Minnesota,United States,1
5,2,45%,2,,Illinois,United States,0
19,2,52%,2,No,California,United States,0
1,1,30%,1,No,Massachusetts,United States,0
4,1,50%,1,,,,0
1,1,50%,1,,,,0
10,5,60%,4,No,Texas,United States,0
15,9,45%,5,No,California,United States,0
24,12,59%,7,No,California,United States,1
8,6,31%,1,,Texas,United States,0
6,1,50%,1,,Texas,United States,0
1,1,50%,1,,,,1
2,1,47%,1,,,,1
1,1,50%,1,,,,0
10,7,58%,5,No,,,0
1,1,48%,1,,,,0
2,2,56%,2,No,South Carolina,United States,0
12,1,50%,1,,California,United States,1
24,7,58%,4,No,Indiana,United States,0
12,2,19%,1,,,New Zealand,0
2,1,50%,1,No,California,United States,0
10,1,50%,1,No,New York,United States,0
4,2,53%,2,No,Nevada,United States,0
12,6,56%,2,,Mississippi,United States,0
6,6,60%,4,No,North Carolina,United States,0
8,4,57%,2,No,New York,United States,0
6,5,59%,3,No,Wisconsin,United States,0
10,6,48%,4,No,Connecticut,United States,0
38,32,48%,16,No,Texas,United States,0
11,0,0%,,,Massachusetts,United States,0
11,1,49%,1,,New York,United States,0
8,6,45%,4,,New York,United States,0
16,5,59%,3,No,California,United States,0
5,4,57%,2,No,Pennsylvania,United States,0
2,2,7%,,,,,0
7,5,48%,3,No,District of Columbia,United States,0
7,2,46%,2,No,Connecticut,United States,0
49,40,60%,25,No,Texas,United States,0
6,3,52%,3,,,Canada,0
4,3,40%,1,,Texas,United States,1
3,2,56%,1,,,,0
11,8,53%,5,,Wisconsin,United States,0
4,2,54%,1,,,,0
7,6,50%,1,,California,United States,0
11,4,59%,3,,Kansas,United States,0
9,4,52%,3,,New Jersey,United States,0
0,0,0%,,,Rhode Island,United States,0
6,4,59%,4,,California,United States,0
38,7,61%,3,,Wisconsin,United States,0
25,21,58%,10,No,Virginia,Sri Lanka,0
43,27,58%,15,No,Texas,United States,0
3,3,55%,1,,,,0
9,5,60%,4,No,Minnesota,United States,0
4,3,58%,2,,New York,,0
18,9,56%,9,No,Texas,United States,0
5,2,55%,1,,,,0
5,2,55%,2,Yes,Illinois,United States,0
9,6,59%,6,No,Pennsylvania,United States,0
5,3,48%,2,,Indiana,United States,0
5,5,44%,1,,Virginia,United States,0
9,3,50%,2,No,Pennsylvania,United States,0
10,5,59%,5,No,Texas,United States,0
39,27,63%,18,No,Minnesota,United States,0
8,5,54%,2,,,,0
17,13,55%,4,,Maryland,United States,0
1,1,49%,1,,,,0
18,11,57%,8,Yes,Texas,United States,0
39,35,54%,20,No,North Carolina,United States,0
4,3,57%,2,No,Tennessee,United States,0
3,2,50%,2,Yes,California,United States,0
1,1,39%,1,,New Hampshire,United States,0
5,4,52%,2,No,California,,0
3,2,50%,2,,,,0
8,6,60%,2,No,Illinois,United States,0
7,3,40%,2,No,Virginia,United States,0
8,3,57%,1,,Nevada,United States,0
15,7,58%,3,No,Michigan,United States,0
10,4,58%,1,,Pennsylvania,United States,0
26,9,55%,7,No,California,United States,0
7,6,60%,1,,,,0
2,1,50%,2,,,,0
4,3,54%,3,,Virginia,United States,0
4,2,51%,2,,Michigan,United States,0
40,30,60%,15,No,Indiana,United States,0
10,6,59%,1,,Tennessee,United States,0
25,14,61%,5,No,North Dakota,United States,0
5,3,56%,3,Yes,Minnesota,United States,0
15,12,57%,7,Yes,New Mexico,United States,0
13,6,44%,1,,California,United States,0
8,6,60%,1,,Massachusetts,United States,0
6,3,43%,2,,Texas,United States,0
4,4,58%,2,,Maryland,United States,0
15,7,50%,3,,New York,United States,0
5,3,55%,3,,Maine,United States,0
16,10,56%,3,No,Texas,United States,0
2,1,22%,,Yes,Texas,United States,0
3,1,50%,2,No,,,0
11,5,44%,1,,Texas,United States,0
2,1,47%,1,,,,0
21,11,61%,4,No,California,United States,0
10,4,47%,2,,Illinois,United States,0
4,3,57%,3,No,Virginia,United States,0
2,1,50%,1,,,,0
11,4,49%,1,,District of Columbia,United States,0
5,2,49%,2,Yes,New Jersey,United States,1
15,4,42%,1,,Minnesota,United States,0
5,4,52%,2,Yes,,United States,0
20,19,61%,9,No,Texas,United States,0
5,1,50%,1,No,Texas,United States,1
14,1,50%,1,,Texas,United States,0
4,4,37%,1,,,,0
3,3,34%,1,,,,0
14,9,54%,6,No,Minnesota,United States,0
15,4,52%,2,No,Missouri,United States,0
37,29,59%,21,No,,Canada,0
9,9,61%,4,No,Texas,United States,0
13,1,49%,1,No,Texas,United States,1
15,8,54%,3,,Massachusetts,United States,0
8,2,56%,2,,Virginia,United States,0
14,6,50%,4,Yes,Minnesota,United States,0
7,6,41%,1,,,,0
12,2,56%,1,,New York,United States,0
2,2,18%,1,,,,0
2,1,50%,1,Yes,Oregon,United States,0
5,5,59%,5,No,California,United States,0
9,6,59%,5,No,New Jersey,United States,0
8,7,57%,2,No,Connecticut,United States,1
13,4,57%,3,No,Pennsylvania,United States,0
5,4,54%,1,,New York,United States,0
5,2,53%,2,,Virginia,United States,0
19,10,52%,9,No,Georgia,United States,0
5,2,31%,1,,Illinois,United States,0
8,4,50%,3,,Minnesota,United States,0
2,0,0%,,,Massachusetts,United States,0
4,3,56%,1,,North Carolina,United States,0
9,7,44%,1,,Wisconsin,United States,0
3,2,55%,2,No,New York,United States,0
3,3,50%,3,,,,0
21,12,50%,6,No,Texas,United States,0
2,0,0%,1,Yes,California,United States,0
1,1,50%,1,,,,0
2,2,55%,1,,,,0
8,7,59%,6,No,Kansas,United States,1
1,1,45%,1,,Texas,United States,0
2,0,0%,,,,,0
9,8,56%,6,,,,0
5,4,51%,4,No,Mississippi,United States,0
2,1,50%,1,,,American Samoa,0
7,3,58%,2,,Illinois,United States,0
4,3,39%,1,,New York,United States,0
12,7,52%,4,,Texas,United States,0
6,3,48%,1,,,,0
11,8,60%,2,No,Indiana,United States,0
6,1,41%,1,,New York,United States,0
8,3,52%,3,,Wisconsin,United States,0
9,7,60%,2,No,Kansas,United States,0
6,4,47%,3,No,Rhode Island,United States,0
3,1,5%,,,Wisconsin,United States,0
15,14,62%,2,No,Massachusetts,United States,0
2,1,50%,1,Yes,New York,United States,0
46,40,62%,26,No,Texas,United States,0
17,15,49%,5,Yes,Florida,United States,1
10,2,48%,2,No,California,United States,1
10,1,41%,1,,Texas,United States,0
6,6,60%,4,No,,United States,0
2,2,44%,1,,,,0
1,1,50%,1,,Hawaii,United States,0
11,5,45%,3,,North Carolina,United States,0
2,2,56%,1,,,,0
33,28,56%,15,No,Wisconsin,United States,0
46,14,34%,4,Yes,,Pakistan,0
3,2,52%,1,,,,0
14,10,61%,2,,Oregon,United States,0
3,1,6%,,Yes,Illinois,United States,0
11,5,49%,4,No,Oregon,United States,0
2,2,46%,1,No,Texas,United States,0
3,2,45%,2,No,Illinois,United States,0
0,0,0%,,,New Jersey,United States,0
1,1,44%,1,,,,0
3,2,55%,1,,California,United States,0
3,2,43%,1,,,,0
10,4,57%,3,No,North Carolina,United States,0
27,22,61%,15,No,Connecticut,United States,0
27,24,60%,13,No,California,United States,0
2,1,50%,1,,Alabama,United States,0
1,0,0%,,,,,0
14,4,48%,4,,New Mexico,United States,0
47,2,4%,,,Massachusetts,United States,0
8,8,60%,2,,Pennsylvania,United States,0
6,4,48%,3,Yes,Michigan,United States,0
10,9,55%,5,No,Oregon,United States,0
9,4,54%,4,No,California,United States,0
13,5,47%,4,No,Michigan,United States,0
9,2,40%,2,,Virginia,United States,0
18,10,57%,5,,Virginia,American Samoa,0
13,8,61%,8,No,Alabama,United States,0
8,8,59%,2,Yes,,United States,0
5,3,58%,1,,,,0
8,6,51%,3,No,New York,United States,0
9,5,46%,2,,Missouri,United States,0
4,4,58%,1,,,,0
2,0,0%,,,New Hampshire,,0
5,4,58%,2,,Ohio,United States,0
3,1,24%,,,,,0
7,4,58%,1,,,,0
3,3,47%,1,,,,0
19,1,49%,1,,Illinois,United States,0
1,1,50%,1,,,,0
9,3,55%,3,No,Indiana,United States,0
20,13,60%,11,No,Wisconsin,United States,0
10,1,46%,1,No,Massachusetts,United States,0
13,4,42%,3,,California,United States,0
12,2,45%,2,No,Minnesota,United States,0
13,8,54%,5,No,Texas,United States,0
3,2,54%,1,,North Carolina,United States,0
11,6,55%,4,No,Illinois,United States,0
2,2,53%,2,,,,0
19,13,56%,13,Yes,New Jersey,United States,0
19,14,56%,11,No,Oregon,United States,0
2,1,50%,1,,,,0
10,6,51%,4,,Minnesota,United States,0
1,1,48%,1,,,,0
6,2,56%,2,Yes,Louisiana,United States,1
6,3,58%,3,No,New Jersey,United States,0
8,4,46%,2,,Minnesota,United States,0
4,3,56%,2,No,West Virginia,United States,0
1,1,50%,1,,,,1
5,2,46%,1,,,,0
16,6,60%,3,No,Florida,United States,0
6,4,51%,4,No,New York,United States,0
3,2,55%,2,Yes,Massachusetts,United States,1
8,7,61%,7,No,Texas,United States,0
5,4,57%,3,,Ohio,United States,0
10,2,47%,2,,New York,United States,0
2,1,14%,,,,,0
11,4,55%,4,No,Texas,United States,0
7,2,56%,1,,Florida,United States,0
4,3,55%,3,No,California,United States,0
13,7,39%,1,,Virginia,United States,0
14,1,48%,1,No,Illinois,United States,0
10,4,49%,3,No,,United States,0
1,1,50%,1,,,,0
9,7,56%,3,No,Utah,United States,0
47,37,56%,21,No,Texas,United States,0
6,5,56%,3,,California,United States,0
17,7,57%,3,,Indiana,United States,0
24,10,38%,5,No,Virginia,United States,0
2,2,41%,1,,,,0
23,6,46%,4,No,California,United States,0
6,1,46%,1,,California,United States,0
18,6,45%,3,No,Illinois,United States,0
12,8,58%,8,,Virginia,United States,0
7,3,58%,1,,Minnesota,United States,0
10,2,20%,,,Pennsylvania,United States,0
5,2,48%,2,Yes,California,United States,0
5,3,45%,2,No,Wisconsin,United States,0
31,6,46%,3,No,Alabama,United States,0
57,37,61%,19,Yes,Georgia,United States,0
4,3,52%,1,,Virginia,El Salvador,0
37,32,61%,21,Yes,Texas,United States,0
6,0,0%,,,North Carolina,United States,0
5,3,57%,1,,,,0
11,1,50%,1,,Georgia,United States,0
7,3,49%,1,,California,United States,0
22,1,44%,1,,Virginia,United States,0
12,10,44%,7,No,Minnesota,United States,0
16,4,55%,3,,Colorado,United States,0
5,4,58%,1,,New Jersey,United States,0
9,3,16%,1,,District of Columbia,United States,0
7,0,0%,,,New York,United States,0
3,3,54%,3,No,Massachusetts,United States,0
8,2,46%,1,,Texas,United States,0
12,6,43%,5,Yes,New York,United States,1
0,0,0%,,,,,0
8,3,38%,2,,Oregon,,0
4,4,59%,3,,Pennsylvania,United States,0
10,3,34%,1,,California,United States,0
1,0,0%,,,Illinois,,1
5,2,25%,1,,New Hampshire,United States,0
1,0,0%,,,Tennessee,United States,0
4,2,55%,2,No,Virginia,,0
6,4,55%,4,Yes,Florida,United States,0
20,18,61%,14,Yes,,Canada,0
10,6,57%,3,No,Minnesota,United States,0
52,46,54%,27,No,Texas,United States,0
6,1,50%,1,,Massachusetts,United States,0
10,4,57%,1,,Indiana,United States,0
24,20,56%,12,No,Minnesota,United States,0
3,1,50%,1,Yes,Florida,United States,1
5,4,59%,3,No,Illinois,United States,0
23,19,49%,15,No,California,United States,0
4,1,48%,1,,,,0
4,2,56%,1,,Texas,United States,0
7,2,56%,2,,California,United States,0
13,11,58%,5,No,New York,United States,0
6,3,45%,2,No,Texas,United States,0
3,3,58%,3,,Illinois,United States,0
10,6,41%,1,,Arizona,United States,0
3,4,59%,4,No,Rhode Island,United States,0
9,6,60%,4,Yes,Virginia,United States,0
5,2,56%,2,,Wisconsin,United States,0
22,9,55%,6,No,Texas,United States,0
5,3,39%,1,,Texas,United States,0
18,11,48%,9,Yes,,Philippines,0
11,0,0%,,,California,United States,1
3,1,49%,1,,,,0
15,4,55%,4,,New York,United States,0
3,3,57%,3,No,Pennsylvania,United States,0
7,2,53%,2,,North Carolina,United States,0
9,1,48%,1,,Virginia,United States,0
4,3,56%,2,,,,0
10,4,51%,3,No,Oregon,United States,0
8,4,51%,3,No,Texas,United States,0
11,2,54%,2,No,Illinois,United States,0
0,0,0%,,,,,0
5,0,0%,,,Oklahoma,United States,0
19,12,29%,2,,,Canada,0
7,3,50%,2,,California,United States,0
1,1,10%,,,,,0
3,0,0%,,,Minnesota,United States,0
15,11,56%,9,No,Delaware,United States,0
6,4,45%,3,,Alabama,United States,0
7,3,52%,3,No,Pennsylvania,United States,0
9,3,46%,2,No,,,0
1,1,50%,1,,,,0
3,3,24%,1,,Indiana,United States,0
1,1,50%,1,,,,0
15,3,50%,3,No,Connecticut,United States,0
7,5,39%,4,No,Arkansas,United States,0
21,15,60%,12,,Nebraska,United States,0
6,3,50%,3,No,Texas,United States,0
8,6,38%,1,,Texas,United States,0
2,1,50%,1,,,,0
7,0,0%,,,Indiana,United States,0
2,2,42%,1,,,,1
20,20,62%,5,,Virginia,United States,0
18,7,59%,4,No,Georgia,United States,0
3,2,48%,2,Yes,California,United States,0
8,8,51%,5,No,,United States,0
17,10,42%,1,Yes,,,0
1,1,49%,1,,,,0
28,14,60%,5,No,California,United States,0
1,1,34%,1,,,,0
2,1,50%,1,,,,0
14,8,49%,2,No,South Dakota,United States,0
8,4,50%,3,,Wisconsin,United States,0
39,35,58%,22,Yes,,Canada,0
12,1,48%,1,,Connecticut,United States,0
4,0,0%,,,Maine,United States,0
1,1,48%,1,,,,0
3,3,57%,2,,California,United States,0
6,1,36%,1,,Wisconsin,United States,0
5,1,50%,1,Yes,Minnesota,United States,0
10,2,55%,2,No,Pennsylvania,United States,0
6,3,57%,1,,,,0
15,9,61%,7,No,Texas,United States,0
21,3,57%,3,No,Florida,United States,0
35,33,60%,16,No,Texas,United States,0
11,6,60%,4,Yes,Texas,United States,0
10,7,55%,5,Yes,Florida,United States,0
11,0,0%,,,North Carolina,United States,0
18,6,44%,3,No,Pennsylvania,United States,0
5,3,51%,2,No,California,United States,1
10,7,59%,4,No,Texas,United States,0
6,6,58%,3,,Indiana,United States,0
17,13,51%,5,No,Virginia,United States,1
4,4,39%,2,,Louisiana,United States,0
25,8,59%,4,,Michigan,United States,0
7,4,58%,2,No,New Jersey,United States,0
2,1,50%,1,,,,0
15,11,49%,6,,Wisconsin,United States,0
8,6,57%,5,No,Florida,United States,0
11,8,53%,4,No,Texas,United States,0
7,1,50%,1,,Minnesota,United States,0
14,10,60%,1,,Texas,United States,1
37,32,58%,19,No,Texas,United States,0
9,5,53%,1,,Idaho,United States,0
13,9,57%,4,,Michigan,United States,0
8,2,50%,2,No,Texas,United States,0
5,0,0%,,,,,0
34,34,59%,17,No,Texas,United States,0
8,7,53%,3,,California,United States,0
2,2,26%,,,,,0
11,3,45%,1,,Virginia,United States,0
5,5,56%,2,,,,1
24,11,60%,5,,California,United States,0
2,2,53%,1,,New Jersey,United States,0
6,6,56%,2,,Illinois,United States,0
6,5,54%,4,,Minnesota,United States,0
29,3,56%,2,Yes,Connecticut,United States,0
12,8,54%,4,No,Texas,United States,0
,,,,,,,0
35,12,48%,4,,Connecticut,United States,1
10,9,56%,5,No,Kansas,United States,0
9,5,58%,5,No,Arizona,United States,0
6,3,57%,1,,Texas,United States,0
16,7,51%,4,No,Texas,United States,0
12,11,58%,9,No,Texas,United States,0
9,7,53%,3,No,,,0
7,6,42%,2,No,Colorado,United States,0
13,9,61%,3,No,Virginia,United States,0
8,4,55%,4,No,New York,United States,0
7,5,59%,2,,Maryland,United States,0
6,2,54%,2,No,Virginia,United States,0
4,2,47%,2,Yes,California,United States,1
1,1,49%,1,,,,0
4,2,52%,1,,,,0
4,2,46%,2,,Florida,United States,0
11,2,47%,2,No,California,United States,0
5,1,48%,1,,Michigan,United States,0
4,2,49%,2,,Rhode Island,United States,0
1,1,50%,1,,,,0
13,5,54%,4,No,District of Columbia,United States,0
6,4,58%,3,,Iowa,United States,0
8,5,59%,1,,Virginia,United States,0
10,1,43%,1,No,Illinois,United States,0
3,1,50%,1,Yes,Massachusetts,United States,0
21,5,48%,1,,North Carolina,United States,1
6,5,60%,2,No,Texas,United States,0
12,3,40%,2,,New Jersey,United States,0
4,2,27%,1,,,,0
4,4,49%,2,Yes,Texas,United States,0
6,2,52%,1,,Michigan,United States,0
25,5,53%,2,,New York,Thailand,0
2,2,54%,1,,,,0
5,3,58%,3,,Wisconsin,United States,0
10,2,26%,1,,,United States,0
3,2,46%,1,,,,0
3,1,17%,,Yes,California,United States,1
41,35,59%,18,No,Texas,United States,0
4,3,58%,3,Yes,California,United States,0
11,1,49%,1,,New York,United States,0
13,3,42%,2,No,,Canada,0
11,10,57%,5,No,Oregon,United States,0
12,1,48%,1,,Illinois,United States,0
16,5,60%,5,No,Washington,United States,0
2,2,56%,1,,,,0
24,9,31%,4,No,Texas,United States,0
10,9,53%,8,No,Texas,United States,0
0,0,0%,,,,,0
5,3,41%,2,,Virginia,United States,0
27,16,60%,16,No,,United Arab Emirates,0
19,17,61%,16,No,Massachusetts,United States,0
7,5,60%,5,,Pennsylvania,United States,0
1,1,50%,1,,,,0
1,1,45%,1,,,,0
6,5,47%,3,,,United States,0
9,6,60%,6,No,Texas,United States,1
5,4,54%,1,,,,0
4,2,51%,2,,Ohio,United States,0
2,1,50%,1,Yes,Virginia,United States,0
1,1,38%,1,,,,0
5,4,52%,3,,New Hampshire,United States,0
0,0,0%,,,,,0
6,3,48%,3,Yes,Texas,United States,0
1,1,44%,1,,,,0
1,0,0%,,,,,0
0,0,0%,,,,,0
0,0,0%,,,,,0
1,1,50%,1,No,Missouri,United States,1
4,1,50%,1,No,,,0
1,1,49%,1,,,,0
5,4,43%,2,,Virginia,United States,0
3,3,56%,3,No,Texas,United States,0
2,1,48%,1,,Michigan,,0
1,1,50%,1,,,,1
8,4,54%,4,Yes,Virginia,United States,0
9,4,23%,1,No,Oregon,United States,0
1,1,50%,1,,,,0
1,0,0%,,,,,0
4,1,50%,1,,Texas,United States,0
2,1,50%,1,,Massachusetts,,0
5,1,45%,1,No,Washington,United States,0
20,14,59%,4,No,Illinois,United States,0
3,1,50%,1,,Kansas,United States,0
0,0,0%,,,,,0
15,4,56%,4,No,Texas,United States,0
1,0,0%,,,,,0
7,4,56%,2,,Texas,United States,0
11,5,54%,5,No,Nebraska,United States,0
2,1,49%,1,,Massachusetts,United States,0
3,3,56%,3,,Colorado,United States,0
4,1,50%,1,,,,0
4,1,47%,1,Yes,Virginia,United States,0
4,3,51%,3,Yes,Maryland,United States,0
1,1,49%,1,,,,0
6,2,55%,2,Yes,California,United States,0
6,6,57%,5,,Indiana,United States,0
15,9,58%,9,No,Texas,United States,0
2,1,49%,2,Yes,California,United States,0
4,2,50%,2,Yes,Hawaii,United States,0
9,7,58%,7,No,Colorado,United States,0
11,2,46%,2,No,North Carolina,United States,0
8,6,60%,6,No,Texas,United States,0
13,10,52%,9,No,California,United States,0
9,8,60%,8,No,Oregon,American Samoa,0
13,2,35%,1,,Wisconsin,United States,0
3,2,10%,,No,Texas,United States,0
1,1,47%,1,Yes,Texas,United States,0
21,9,53%,9,No,North Carolina,United States,0
6,1,41%,1,,,Canada,0
9,6,54%,6,Yes,Texas,United States,0
1,1,43%,1,Yes,New York,United States,0
3,1,41%,1,,Connecticut,United States,1
6,5,58%,5,No,California,United States,1
15,4,40%,3,No,California,United States,0
3,3,53%,3,No,Tennessee,United States,0
1,1,20%,,,Kansas,United States,0
4,1,26%,1,,Oklahoma,United States,0
7,2,53%,2,,Texas,United States,0
9,6,59%,6,No,Massachusetts,United States,0
4,2,49%,2,Yes,Massachusetts,United States,0
13,10,61%,10,No,Maryland,United States,1
15,12,58%,12,No,Virginia,United States,0
7,1,48%,1,,Kansas,United States,0
14,7,60%,7,No,Texas,United States,0
15,9,58%,9,No,Washington,United States,0
8,2,41%,1,,New York,United States,0
4,2,44%,2,Yes,California,United States,0
7,5,40%,3,Yes,California,United States,0
12,6,53%,5,,New York,United States,1
22,13,60%,13,No,Florida,United States,0
22,5,47%,5,No,Hawaii,United States,0
5,4,55%,4,,New York,United States,0
6,2,51%,2,No,Indiana,United States,0
8,3,43%,3,No,California,United States,0
8,2,53%,2,,California,United States,0
1,1,36%,1,Yes,,United States,0
8,5,56%,5,,California,United States,0
1,1,50%,1,Yes,California,United States,0
11,1,46%,1,,Washington,United States,0
3,3,58%,3,,New York,United States,0
1,0,0%,,,Virginia,United States,0
3,1,50%,1,Yes,Connecticut,United States,0
5,4,58%,4,No,Maine,United States,0
2,2,56%,2,Yes,California,United States,0
3,1,50%,1,No,Washington,United States,0
3,2,53%,2,Yes,,Algeria,0
12,4,53%,4,No,Montana,United States,0
13,4,58%,4,No,Missouri,United States,0
25,17,61%,17,No,Wisconsin,United States,0
5,1,49%,1,Yes,California,United States,0
4,4,59%,4,,Texas,United States,0
6,2,52%,2,,Illinois,United States,0
1,1,47%,1,Yes,New Jersey,United States,0
3,3,44%,3,,South Dakota,United States,0
6,1,47%,1,,California,United States,0
7,2,54%,2,,Massachusetts,United States,0
2,2,56%,2,No,Nebraska,United States,0
1,1,46%,1,,Ohio,United States,0
5,3,54%,3,No,Florida,United States,0
20,15,59%,15,No,Massachusetts,United States,0
1,1,33%,1,,Illinois,United States,0
2,1,35%,1,Yes,Texas,United States,0
7,5,58%,5,Yes,California,United States,0
4,3,55%,3,,California,United States,0
4,2,40%,1,No,Texas,United States,1
3,2,56%,2,Yes,California,United States,0
6,2,55%,2,No,New York,United States,0
2,2,24%,1,,Hawaii,United States,0
2,1,43%,1,Yes,New Jersey,United States,1
5,0,0%,,,California,United States,1
2,1,12%,,,Texas,United States,1
3,1,0%,,,Hawaii,United States,0
5,5,32%,2,Yes,Texas,United States,0
19,11,62%,11,No,Texas,United States,0
0,0,0%,,,District of Columbia,United States,0
1,0,0%,,,Texas,United States,0
5,1,46%,1,,Indiana,United States,0
1,1,50%,1,No,Wisconsin,United States,0
1,1,35%,1,,Michigan,United States,1
5,3,53%,3,,Alabama,United States,1
1,1,50%,1,Yes,Massachusetts,United States,1
9,5,50%,4,Yes,Texas,United States,0
1,0,0%,,,Texas,United States,0
9,5,59%,5,No,Massachusetts,United States,0
3,1,46%,1,Yes,Maryland,United States,0
1,1,49%,1,Yes,New York,United States,0
1,0,0%,,,Wisconsin,United States,1
2,2,41%,2,No,Wyoming,United States,0
1,1,50%,1,Yes,North Carolina,United States,1
3,2,55%,2,No,New York,United States,0
9,6,57%,6,Yes,Florida,United States,0
1,1,50%,1,Yes,Texas,United States,0
2,0,0%,,,Missouri,United States,0
11,2,55%,2,,California,United States,0
4,1,46%,1,,Florida,United States,0
6,2,48%,2,No,Illinois,United States,0
1,0,0%,,,Virginia,,0
6,3,56%,3,No,Massachusetts,United States,0
4,1,49%,1,Yes,Wisconsin,United States,0
5,3,57%,3,No,Wisconsin,United States,0
2,0,0%,,,Idaho,United States,0
17,15,54%,15,No,Georgia,United States,0
11,3,25%,1,No,Florida,United States,0
10,6,37%,5,No,Texas,United States,0
6,2,55%,2,Yes,Colorado,United States,1
13,6,59%,6,No,Kansas,United States,0
5,0,0%,,,Minnesota,United States,0
1,0,0%,,,Texas,United States,0
2,1,50%,1,No,Colorado,United States,0
6,0,0%,,,California,United States,1
3,3,48%,3,,Texas,United States,0
1,1,38%,1,No,California,United States,0
8,2,29%,1,No,Texas,United States,0
1,1,42%,1,Yes,California,United States,0
4,3,48%,2,,Texas,United States,0
1,1,50%,1,No,Texas,United States,0
8,5,60%,5,,Washington,United States,0
10,3,55%,3,,Oregon,United States,0
1,1,50%,1,No,Colorado,United States,0
5,2,56%,2,,Delaware,United States,0
15,10,57%,10,No,Texas,United States,0
4,3,39%,2,Yes,California,United States,0
8,5,54%,5,No,Texas,United States,0
1,1,47%,1,,Tennessee,United States,1
3,2,54%,2,No,Virginia,United States,0
8,4,30%,2,No,Illinois,United States,0
1,0,0%,,,Texas,,1
1,0,0%,,,Massachusetts,United States,0
4,4,54%,4,No,Illinois,United States,0
36,7,56%,7,,Georgia,United States,0
13,0,0%,,,Alaska,United States,0
8,1,50%,1,No,California,United States,0
1,0,0%,,,California,United States,0
9,4,59%,4,No,California,United States,0
1,0,0%,,,California,United States,0
4,3,47%,3,Yes,Pennsylvania,United States,0
1,0,0%,,,Connecticut,United States,1
1,1,50%,1,Yes,Oregon,United States,0
5,2,54%,2,Yes,California,United States,0
2,2,56%,2,No,Virginia,United States,0
10,9,58%,9,No,Texas,United States,0
2,1,50%,1,Yes,Indiana,United States,0
1,1,50%,1,No,Texas,United States,0
2,1,40%,1,Yes,Massachusetts,United States,0
5,5,52%,4,Yes,Massachusetts,United States,0
4,2,49%,2,No,South Carolina,United States,0
2,2,56%,2,No,Pennsylvania,United States,0
2,2,46%,2,No,California,United States,0
3,0,0%,,,Indiana,United States,0
1,1,24%,,,Maryland,,0
3,2,56%,2,Yes,Texas,United States,0
4,3,55%,3,Yes,Texas,United States,0
1,0,0%,,,Tennessee,United States,0
4,4,59%,4,Yes,Oregon,United States,0
5,0,0%,,,California,American Samoa,0
1,1,48%,1,Yes,Massachusetts,United States,0
15,5,60%,5,No,Texas,United States,0
5,3,49%,2,Yes,,Jamaica,0
3,1,45%,1,,California,United States,0
5,1,50%,1,Yes,Connecticut,United States,0
3,2,26%,1,Yes,California,United States,0
2,2,42%,1,No,Minnesota,United States,1
2,1,49%,1,Yes,Connecticut,United States,0
4,4,59%,4,No,Texas,United States,0
1,0,0%,,,,American Samoa,0
7,2,54%,2,,California,United States,0
1,1,1%,,Yes,California,United States,0
2,1,39%,1,Yes,California,United States,0
5,0,0%,,,California,United States,0
3,2,34%,1,Yes,Maryland,United States,0
5,1,50%,1,Yes,Illinois,United States,0
2,1,48%,1,Yes,New Jersey,United States,0
1,0,0%,,,South Carolina,United States,0
1,0,0%,,,California,United States,0